,city,cloudiness,country,date,humidity,latitude,longitude,max temp,wind speed
0,beringovskiy,88,RU,1551398476,98,63.05,179.32,32.14,29.1
1,rikitea,32,PF,1551398013,100,-23.12,-134.97,77.32,5.61
2,busselton,0,AU,1551397808,52,-33.64,115.35,64.99,18.7
3,albany,20,US,1551397996,53,42.65,-73.75,21.2,5.82
4,kodiak,1,US,1551398068,17,39.95,-94.76,28.4,3.27
5,lagos,20,NG,1551394800,100,6.46,3.39,77,2.24
6,sinnamary,80,GF,1551398479,93,5.38,-52.96,78.94,11.1
7,bluff,36,AU,1551398276,44,-23.58,149.07,80.02,12.44
8,cape town,75,ZA,1551398466,88,-33.93,18.42,70,5.82
9,ushuaia,90,AR,1551394800,93,-54.81,-68.31,44.6,18.34
10,tessalit,0,ML,1551398479,45,20.2,1.01,50.28,10.98
11,adrar,0,DZ,1551394800,34,27.87,-0.29,50,9.17
12,jamestown,0,AU,1551398480,44,-33.21,138.6,83.31,7.74
13,hithadhoo,0,MV,1551398480,100,-0.6,73.08,82.68,14
14,avera,90,US,1551398468,93,33.19,-82.53,64.4,3.36
15,bam,0,IR,1551398481,59,29.11,58.36,54.42,12.1
16,sitka,36,US,1551398481,56,37.17,-99.65,37.45,6.17
17,mahina,0,ML,1551398481,39,13.76,-10.85,61.12,8.52
18,tuatapere,24,NZ,1551398409,85,-46.13,167.69,59,15.99
19,bredasdorp,68,ZA,1551398471,88,-34.53,20.04,69.8,10.29
20,hobart,20,AU,1551398355,60,-42.88,147.33,77,5.82
21,ancud,90,CL,1551394800,67,-41.87,-73.83,59,3.36
22,rodrigues alves,75,BR,1551394800,88,-7.74,-72.65,77,3.36
23,punta arenas,75,CL,1551397994,76,-53.16,-70.91,53.6,3.36
24,kaeo,0,NZ,1551397085,65,-35.1,173.78,75.99,3
25,dikson,56,RU,1551398483,89,73.51,80.55,3.3,26.31
26,katsuura,75,JP,1551397340,66,33.93,134.5,50,11.41
27,hilo,40,US,1551398261,47,19.71,-155.08,75.2,17.22
28,alice springs,0,AU,1551396600,24,-23.7,133.88,91.4,12.75
29,buala,56,SB,1551398484,88,-8.15,159.59,83.44,4.05
30,cayenne,92,GF,1551396600,74,4.94,-52.33,78.8,3.36
31,inuvik,5,CA,1551394800,36,68.36,-133.71,14,10.29
32,ginda,0,IN,1551398484,68,30.69,78.49,22.65,2.93
33,beloha,12,MG,1551398484,91,-25.17,45.06,75.39,3.38
34,kapaa,75,US,1551398452,56,22.08,-159.32,75.2,18.34
35,herat,36,AF,1551398229,83,34.35,62.22,41.01,6.4
36,moscow,75,RU,1551396600,92,55.75,37.62,32,4.47
37,trinidad,0,UY,1551398460,49,-33.52,-56.9,67.2,9.08
38,new norfolk,20,AU,1551398475,60,-42.78,147.06,78.01,5.82
39,port alfred,0,ZA,1551398424,81,-33.59,26.89,70,8.01
40,luzhou,92,CN,1551398485,97,28.89,105.45,49.38,2.59
41,atar,0,MR,1551398486,19,20.52,-13.05,64.23,11.21
42,ozinki,88,RU,1551398487,94,51.2,49.73,29.49,12.55
43,richards bay,92,ZA,1551398487,95,-28.77,32.06,73.59,4.38
44,atuona,8,PF,1551398487,100,-9.8,-139.03,80.79,7.74
45,susangerd,75,IR,1551394800,82,31.56,48.19,57.2,6.93
46,lebu,0,ET,1551398488,65,8.96,38.73,46.05,3.94
47,grootfontein,8,NA,1551398488,83,-19.56,18.1,62.97,3.49
48,hulan,90,IR,1551396600,86,34.23,47.18,37.4,11.41
49,ponta do sol,92,BR,1551398488,89,-20.63,-46,70.75,4.16
50,aketi,92,CD,1551398488,97,2.74,23.78,69.94,3.38
51,vestmannaeyjar,76,IS,1551398489,93,63.44,-20.27,43.75,17.36
52,axim,48,GH,1551398489,95,4.87,-2.24,84.07,11.65
53,dingle,0,PH,1551398489,75,11,122.67,77.01,12.66
54,rio grande,0,BR,1551398225,86,-32.03,-52.1,69.49,4.83
55,riosucio,32,CO,1551394800,77,5.42,-75.7,80.6,8.05
56,iqaluit,75,CA,1551397970,84,63.75,-68.52,-2.01,20.8
57,butaritari,92,KI,1551398490,100,3.07,172.79,76.65,9.64
58,xai-xai,0,MZ,1551398490,96,-25.04,33.64,80.34,14.79
59,tuktoyaktuk,5,CA,1551394800,64,69.44,-133.03,-0.41,16.11
60,ayan,0,TR,1551398491,65,40.67,33.6,9.42,2.37
61,avarua,88,CK,1551396600,74,-21.21,-159.78,86,11.41
62,nishihara,75,JP,1551398419,87,35.74,139.53,48.99,3.36
63,elbrus,48,RU,1551398491,83,43.26,42.65,1.9,1.59
64,cesvaine,80,LV,1551398492,81,56.97,26.31,24.4,15.35
65,mataura,64,NZ,1551397807,86,-46.19,168.86,60.01,13
66,hovd,75,NO,1551398415,88,63.83,10.7,37.4,6.93
67,puerto ayora,75,EC,1551394800,70,-0.74,-90.35,84.2,9.17
68,tucuman,32,PE,1551398493,81,-17.17,-70.89,64.5,3.38
69,kalmunai,0,LK,1551398493,98,7.42,81.82,70.8,2.71
70,khatanga,0,RU,1551398493,38,71.98,102.47,-25.51,4.16
71,yellowknife,5,CA,1551398108,52,62.45,-114.38,-11.01,11.41
72,nikolskoye,90,RU,1551398434,67,59.7,30.79,23,17.9
73,upernavik,20,GL,1551398493,100,72.79,-56.15,2.17,13.22
74,tigil,76,RU,1551398494,79,57.8,158.67,6.09,4.38
75,kailua,75,US,1551398420,83,21.39,-157.74,75.2,13.87
76,airai,0,TL,1551398494,82,-8.93,125.41,76.47,0.69
77,barrow,0,AR,1551398494,68,-38.31,-60.23,60.72,9.19
78,san andres,0,PH,1551398495,100,13.32,122.68,77.64,13.89
79,victoria,75,BN,1551396600,100,5.28,115.24,78.8,5.73
80,waingapu,12,ID,1551398495,93,-9.65,120.26,79.12,4.05
81,fairbanks,1,US,1551398154,78,64.84,-147.72,36,4.61
82,codrington,40,AU,1551398114,78,-28.95,153.24,78.8,5.06
83,gat,0,SN,1551396600,37,14.69,-16.54,71.6,11.41
84,dwarka,20,IN,1551396600,87,28.58,77.04,51.8,4.72
85,san luis,0,AR,1551398496,20,-33.3,-66.34,82.54,11.21
86,lorengau,0,PG,1551398240,93,-2.02,147.27,84.3,6.4
87,xuanzhou,92,CN,1551398498,85,30.95,118.78,45.78,11.77
88,ahipara,0,NZ,1551396553,78,-35.17,173.16,75.99,9.19
89,pangoa,76,PE,1551398499,96,-12.12,-73,67.42,1.92
90,narsaq,0,GL,1551394200,80,60.91,-46.05,33.8,6.93
91,severo-kurilsk,12,RU,1551398499,98,50.68,156.12,28.14,4.61
92,stromness,1,CA,1551398494,67,42.87,-79.55,19.99,4.7
93,bonfim,20,BR,1551394800,83,-20.33,-44.24,73.4,0.92
94,bethel,75,US,1551394560,80,60.79,-161.76,41,11.41
95,muktsar,0,IN,1551398285,76,30.47,74.52,48.03,2.82
96,port hardy,20,CA,1551394800,60,50.7,-127.42,42.8,6.93
97,moose factory,90,CA,1551395580,72,51.26,-80.61,15.8,8.05
98,ribeira grande,36,PT,1551398501,93,38.52,-28.7,62.02,19.37
99,santo amaro da imperatriz,75,BR,1551398401,83,-27.69,-48.78,75.2,3.36
100,erenhot,0,CN,1551398263,59,43.65,111.97,10.59,3.6
101,nicoya,0,CR,1551397595,48,10.15,-85.45,87.8,13.87
102,saint-philippe,1,CA,1551398492,56,45.36,-73.48,15.8,6.96
103,longyearbyen,20,NO,1551397800,76,78.22,15.63,-4.01,13.87
104,gdov,8,RU,1551398504,80,58.74,27.82,21.7,19.48
105,houma,56,CN,1551398504,91,35.63,111.36,29.58,2.59
106,tiksi,76,RU,1551398504,70,71.64,128.87,-2.33,14
107,nemuro,12,JP,1551398505,94,43.32,145.57,31.56,10.2
108,coquimbo,20,CL,1551394800,82,-29.95,-71.34,62.6,8.05
109,kavieng,68,PG,1551398505,100,-2.57,150.8,81.42,1.14
110,aklavik,5,CA,1551394800,61,68.22,-135.01,14,11.41
111,lompoc,40,US,1551398375,72,34.64,-120.46,64,13.87
112,cabo san lucas,5,MX,1551398117,44,22.89,-109.91,80.01,8.05
113,manono,76,CD,1551398505,98,-7.3,27.4,69.09,3.27
114,provideniya,90,RU,1551396600,93,64.42,-173.23,33.8,38.03
115,narrabri,40,AU,1551394800,38,-30.33,149.78,77,4.7
116,mar del plata,80,AR,1551398507,69,-46.43,-67.52,61.62,7.4
117,east london,0,ZA,1551398508,100,-33.02,27.91,74.44,20.83
118,esperance,75,TT,1551398457,78,10.24,-61.45,79,8.05
119,portland,90,US,1551395116,67,45.52,-122.67,43,13.87
120,vaini,0,IN,1551398508,81,15.34,74.49,51.45,1.7
121,worland,1,US,1551398504,59,44.02,-107.96,37,3.36
122,shihezi,68,CN,1551398509,86,44.3,86.03,9.24,2.93
123,timmins,75,CA,1551394800,57,48.48,-81.33,17.6,9.17
124,los llanos de aridane,20,ES,1551396731,82,28.66,-17.92,62.6,6.93
125,vung tau,0,VN,1551398308,94,10.35,107.08,79.62,18.48
126,necochea,0,AR,1551398473,72,-38.55,-58.74,62.01,1.99
127,nabire,92,ID,1551398509,99,-3.36,135.5,70.08,1.36
128,thompson,75,CA,1551396060,64,55.74,-97.86,-0.41,11.41
129,hermanus,44,ZA,1551398471,95,-34.42,19.24,66,1.01
130,grindavik,75,IS,1551396600,81,63.84,-22.43,44.6,20.8
131,yelkhovka,75,RU,1551396600,86,53.87,50.29,30.2,15.66
132,dhidhdhoo,0,MV,1551398360,100,6.88,73.1,81.33,6.51
133,save,92,BJ,1551398511,95,8.04,2.49,71.07,9.31
134,pisco,0,PE,1551394800,30,-13.71,-76.2,71.6,21.92
135,tasiilaq,92,GL,1551398511,94,65.61,-37.64,29.17,48.45
136,asyut,0,EG,1551394800,61,27.18,31.19,50,13.87
137,komsomolskiy,44,RU,1551398261,77,67.55,63.78,-1.7,10.31
138,poso,92,ID,1551398512,100,-1.4,120.75,72.42,2.93
139,half moon bay,1,US,1551398228,58,37.46,-122.43,59,6.93
140,milkovo,0,BG,1551398284,42,41.53,24.68,46.4,9.17
141,cherskiy,24,RU,1551398512,68,68.75,161.3,-9.8,0.36
142,elizabeth city,75,US,1551398510,75,36.3,-76.22,44.01,12.75
143,sucua,20,EC,1551394800,69,-2.46,-78.17,75.2,5.82
144,otjiwarongo,48,NA,1551398513,63,-20.46,16.65,65.44,4.94
145,vanimo,92,PG,1551398514,100,-2.67,141.3,77.55,5.06
146,kaitangata,24,NZ,1551398514,68,-46.28,169.85,60.09,21.5
147,uaua,12,BR,1551398453,87,-9.84,-39.48,72.06,1.7
148,saint-pierre,48,FR,1551398470,93,48.95,4.24,50,17.22
149,kenai,1,US,1551398260,53,60.55,-151.26,34,5.82
150,buin,0,CL,1551394800,41,-33.73,-70.74,77,6.93
151,muros,0,ES,1551398491,93,42.77,-9.06,50,1.12
152,stuttgart,75,DE,1551398155,81,48.78,9.18,52,6.93
153,corinto,56,BR,1551398248,94,-18.36,-44.46,69.9,1.81
154,colares,20,PT,1551398507,76,38.8,-9.45,55.99,8.05
155,viedma,88,AR,1551398519,34,-40.81,-62.99,70.62,11.99
156,san ramon,40,NI,1551398340,73,12.92,-85.84,73.4,6.93
157,ada,64,US,1551398482,71,47.3,-96.52,16,5.82
158,tarko-sale,44,RU,1551398280,83,64.92,77.78,-1,12.55
159,castelfranco di sotto,75,IT,1551398509,93,43.7,10.75,52,4.7
160,grand gaube,40,MU,1551398341,83,-20.01,57.66,80.6,5.82
161,nacozari,0,MX,1551398416,44,25.34,-108.26,84,6.62
162,ambilobe,24,MG,1551398520,88,-13.19,49.05,75.79,11.88
163,mogocha,0,RU,1551398521,58,53.73,119.76,3.3,2.37
164,gobabis,80,NA,1551398521,56,-22.45,18.97,70.17,9.08
165,guarapari,20,BR,1551394800,79,-20.67,-40.5,84.2,10.29
166,omboue,68,GA,1551398521,100,-1.57,9.26,82.54,3.15
167,castro,90,CL,1551394800,67,-42.48,-73.76,59,3.36
168,hasaki,75,JP,1551397775,87,35.73,140.83,46.4,8.05
169,teahupoo,75,PF,1551397990,70,-17.83,-149.27,87.8,4.7
170,taoudenni,0,ML,1551398523,38,22.68,-3.98,48.52,5.61
171,belyy yar,80,RU,1551396600,92,53.6,91.39,19.4,2.24
172,lagoa,0,PT,1551398450,71,37.14,-8.45,55,4.7
173,ballina,76,IE,1551398523,93,54.11,-9.15,48,1.99
174,shaoxing,20,CN,1551398502,81,30,120.58,48.99,8.95
175,rodeo,0,MX,1551398525,17,25.18,-104.56,82.54,4.94
176,strezhevoy,75,RU,1551396600,92,60.73,77.6,6.8,6.71
177,kanniyakumari,8,IN,1551398526,97,8.08,77.57,82.68,10.76
178,preobrazheniye,0,RU,1551398526,49,42.9,133.91,30.03,3.71
179,alma,1,US,1551398367,67,40.1,-99.36,24.01,3.36
180,ilulissat,40,GL,1551394200,72,69.22,-51.1,17.6,3.36
181,laiyang,0,CN,1551398471,52,36.98,120.7,44.01,2.82
182,santiago,0,CL,1551398406,41,-33.44,-70.65,77,6.93
183,kununurra,0,AU,1551396600,66,-15.77,128.74,84.2,3.36
184,kichmengskiy gorodok,88,RU,1551398528,94,59.99,45.81,17.25,2.71
185,bonthe,0,SL,1551398528,82,7.53,-12.5,78.63,5.17
186,lang suan,20,TH,1551394800,94,9.95,99.07,73.4,2.24
187,georgetown,20,GY,1551394800,78,6.8,-58.16,80.6,11.41
188,mahebourg,40,MU,1551398341,83,-20.41,57.7,80.6,5.82
189,san ramon de la nueva oran,0,AR,1551398529,71,-23.13,-64.33,74.44,3.94
190,pychas,88,RU,1551398404,94,56.5,52.44,25,3
191,spasskoye,88,RU,1551398530,91,55.86,45.7,26.65,6.96
192,novaya zaimka,68,RU,1551398530,83,56.49,66.92,14.01,13
193,nome,90,US,1551398234,93,30.04,-94.42,57.2,9.17
194,caravelas,8,BR,1551398530,100,-17.73,-39.27,84.21,20.49
195,noumea,88,NC,1551396600,88,-22.28,166.46,77,17.22
196,san quintin,0,PH,1551398530,73,17.54,120.52,70.17,3.94
197,inta,36,RU,1551398531,75,66.04,60.13,2.04,4.83
198,chokurdakh,20,RU,1551398531,51,70.62,147.9,-17.86,3.71
199,maibong,88,IN,1551398531,98,25.3,93.13,53.2,1.59
200,port elizabeth,1,US,1551398524,55,39.31,-74.98,36,8.05
201,honiara,0,SB,1551398531,79,-9.43,159.96,82.68,1.7
202,barabai,92,ID,1551398532,98,-2.59,115.38,73.45,2.71
203,borogontsy,8,RU,1551398327,61,62.67,131.17,-21.68,2.71
204,grand-santi,76,GF,1551398532,59,4.27,-54.38,80.74,4.72
205,carnarvon,0,ZA,1551398532,62,-30.97,22.13,53.47,3.83
206,zilair,88,RU,1551398532,88,52.23,57.44,23.28,7.18
207,casper,90,US,1551398397,60,42.87,-106.31,45,16.11
208,yulara,0,AU,1551394800,19,-25.24,130.99,86,6.93
209,san blas,5,MX,1551394080,53,21.54,-105.29,77,9.17
210,port-gentil,20,GA,1551394800,88,-0.72,8.78,82.4,11.41
211,suntar,76,RU,1551398533,83,62.16,117.65,12.34,4.05
212,nuuk,40,GL,1551394200,36,64.17,-51.74,44.6,31.09
213,tabuk,56,PH,1551398534,86,17.41,121.44,66.03,1.81
214,touros,40,BR,1551394800,83,-5.2,-35.46,80.6,6.93
215,ostrovnoy,80,RU,1551398534,91,68.05,39.51,21.25,13.22
216,jodar,20,ES,1551398516,46,37.84,-3.35,54,1.01
217,petropavlovka,0,RU,1551398535,51,50.61,105.32,6.09,3.38
218,cairns,75,AU,1551398471,74,-16.92,145.77,84,11.41
219,road town,40,VG,1551398276,69,18.42,-64.62,78.8,9.17
220,chamalieres,90,FR,1551398525,57,45.78,3.06,51.8,6.93
221,alofi,75,NU,1551394800,66,-19.06,-169.92,87.8,13.87
222,garowe,20,SO,1551398536,92,8.41,48.48,61.17,3.15
223,tokur,12,RU,1551398536,65,53.13,132.9,8.74,2.59
224,zeya,0,RU,1551398536,58,53.74,127.27,3.97,2.37
225,rock springs,75,US,1551394440,64,41.59,-109.2,37.4,17.22
226,kars,20,TR,1551396600,72,40.61,43.1,17.6,2.24
227,iskitim,90,RU,1551396600,85,54.64,83.3,24.8,8.95
228,lucea,40,JM,1551398421,74,18.44,-78.17,80.6,20.8
229,mogadishu,0,SO,1551398538,100,2.04,45.34,79.17,15.35
230,la palma,8,CO,1551398539,74,5.36,-74.39,73.99,1.92
231,phonhong,75,LA,1551396600,100,18.5,102.42,73.4,4.7
232,husavik,20,CA,1551398405,66,50.56,-96.99,10,5.99
233,saldanha,0,PT,1551398540,78,41.42,-6.55,33.27,2.37
234,hamilton,90,BM,1551397569,88,32.3,-64.78,69.8,32.21
235,santa cruz cabralia,0,BR,1551394800,74,-16.28,-39.02,82.4,9.17
236,livadiya,0,RU,1551398540,95,42.87,132.68,34.17,15.23
237,lerwick,68,GB,1551397800,74,60.15,-1.15,37.4,1.12
238,mount gambier,0,AU,1551396780,23,-37.83,140.78,87.8,17.22
239,lasa,40,CY,1551396600,100,34.92,32.53,42.8,5.82
240,hereford,20,GB,1551398527,91,52.06,-2.72,48.99,5.99
241,yanam,44,IN,1551398541,91,16.73,82.22,73.95,7.74
242,shache,20,CN,1551398253,49,38.42,77.24,39,1.92
243,arrifes,75,PT,1551398535,93,37.77,-25.7,60.8,12.75
244,aleysk,80,RU,1551398542,97,52.5,82.77,28.05,14
245,la macarena,0,CO,1551398542,36,2.18,-73.79,87.99,3.71
246,port macquarie,75,AU,1551398404,61,-31.43,152.91,80.01,4.7
247,aksu,0,KZ,1551396600,83,52.04,76.93,-5.81,4.47
248,pyryatyn,88,UA,1551398544,92,50.24,32.51,34.53,14.45
249,huarmey,24,PE,1551398544,66,-10.07,-78.15,73.59,3.15
250,sabha,56,LY,1551398544,45,27.03,14.43,52.35,12.1
251,nizhniy tsasuchey,24,RU,1551398545,60,50.52,115.13,13.11,3.15
252,kargasok,48,RU,1551398545,78,59.06,80.87,8.52,3.83
253,wanning,75,AT,1551398225,57,48.64,13.53,51.8,18.34
254,mitsamiouli,64,KM,1551398545,100,-11.38,43.28,81.87,6.17
255,jalu,0,LY,1551398545,72,29.03,21.55,45.51,7.74
256,saint george,0,GR,1551398003,74,39.45,22.34,46,5.82
257,henderson,1,US,1551398139,17,36.04,-114.98,75.2,20.8
258,pevek,56,RU,1551398547,80,69.7,170.27,-1.7,14.45
259,hede,56,SE,1551398523,74,60.45,15.49,32,3.36
260,witu,8,KE,1551398547,94,-2.39,40.44,74.31,5.28
261,mana,0,RS,1551396600,57,43.52,20.24,41,2.24
262,qaanaaq,0,GL,1551398423,87,77.48,-69.36,-14.98,11.77
263,kushuhum,75,UA,1551394800,75,47.72,35.21,42.8,11.18
264,halifax,5,CA,1551398225,40,44.65,-63.58,18,19.46
265,springbok,0,ZA,1551398548,46,-29.67,17.88,61.3,5.61
266,shaunavon,64,CA,1551398548,85,49.65,-108.41,9.96,7.96
267,cidreira,12,BR,1551398549,92,-30.17,-50.22,65.4,5.5
268,mandal,8,MN,1551398549,49,48.82,106.5,2.44,2.59
269,hami,0,CN,1551398549,61,42.84,93.51,19.86,5.39
270,yinchuan,44,CN,1551398549,74,38.48,106.21,22.69,3.83
271,la libertad,75,PE,1551394800,87,-16.38,-71.56,55.4,9.17
272,russell,0,AR,1551394800,19,-33.01,-68.8,89.6,6.93
273,brownwood,90,US,1551396900,67,31.71,-98.99,41,4.94
274,piacabucu,0,BR,1551398550,81,-10.41,-36.43,79.17,9.75
275,te anau,0,NZ,1551398265,54,-45.41,167.72,59.64,3.94
276,kawalu,64,ID,1551398551,96,-7.38,108.21,68.64,2.37
277,marfino,75,RU,1551397995,92,56.07,37.56,34,4.47
278,waitati,0,NZ,1551398317,44,-45.75,170.57,66,17
279,youghal,20,IE,1551398490,93,51.95,-7.85,48,3.36
280,poum,0,MK,1551398552,72,41.28,20.71,19,1.92
281,show low,1,US,1551398532,37,34.25,-110.03,62.6,14.99
282,nanchong,88,CN,1551398552,89,30.8,106.08,46.59,3.15
283,alakurtti,32,RU,1551397931,92,66.96,30.34,8.01,4
284,ormara,0,PK,1551398552,87,25.21,64.64,67.6,6.85
285,ihtiman,0,BG,1551398467,49,42.44,23.81,39.99,3.36
286,lavrentiya,88,RU,1551398553,90,65.58,-170.99,29.62,32.35
287,teya,40,MX,1551398509,38,21.05,-89.07,89.6,20.8
288,ixtapa,5,MX,1551398431,69,20.71,-105.21,77,10.29
289,santa isabel,75,CO,1551394800,78,4.71,-75.1,78.8,3.36
290,coyula,12,MX,1551398554,69,20.93,-98.48,78.81,3.38
291,mandalgovi,0,MN,1551398444,64,45.76,106.27,5.37,4.72
292,naze,64,NG,1551398554,97,5.43,7.07,69.9,5.39
293,araouane,0,ML,1551398555,35,18.9,-3.53,51.63,8.86
294,norman wells,40,CA,1551394800,59,65.28,-126.83,1.4,14.99
295,kapuskasing,90,CA,1551394800,72,49.42,-82.43,17.6,10.29
296,saint-augustin,90,FR,1551398048,87,44.83,-0.61,53.6,8.05
297,piney green,40,US,1551398530,71,35.09,-78.48,60.8,6.06
298,westport,24,IE,1551398523,92,53.8,-9.52,48,11.99
299,nanortalik,8,GL,1551398556,92,60.14,-45.24,33.63,31.79
300,arraial do cabo,75,BR,1551394800,88,-22.97,-42.02,77,4.7
301,kahului,75,US,1551398495,50,20.89,-156.47,75.99,17.22
302,faanui,64,PF,1551398557,100,-16.48,-151.75,83.04,10.76
303,isangel,76,VU,1551398557,100,-19.55,169.27,80.43,20.27
304,surt,0,LY,1551398557,100,31.21,16.59,48.7,3.15
305,blairmore,90,CA,1551398474,85,49.61,-114.44,26.6,8.05
306,tiarei,75,PF,1551397990,70,-17.53,-149.33,87.8,4.7
307,saskylakh,44,RU,1551398280,58,71.97,114.09,-20.38,6.17
308,sanquhar,75,GB,1551398515,93,55.37,-3.93,44.01,2.93
309,gigmoto,68,PH,1551398558,100,13.78,124.39,77.5,9.98
310,cauquenes,76,CL,1551398558,88,-35.97,-72.32,58.02,3.04
311,namatanai,48,PG,1551398265,100,-3.66,152.44,81.87,5.84
312,klaksvik,80,FO,1551397800,86,62.23,-6.59,37.4,8.05
313,quang ngai,0,VN,1551398295,85,15.12,108.8,60.99,2.15
314,xushan,90,CN,1551398502,100,30.18,121.25,55,2.24
315,mackay,20,CA,1551394800,41,53.65,-115.58,26.6,23.04
316,paramonga,24,PE,1551398559,100,-10.68,-77.82,73.54,8.63
317,broken hill,0,AU,1551394800,26,-31.97,141.45,84.2,17.22
318,salalah,40,OM,1551397800,73,17.01,54.1,75.2,1.12
319,loreto,0,PY,1551398560,59,-23.27,-57.32,74.89,7.96
320,nagato,20,JP,1551398095,93,34.35,131.14,57,3.71
321,port augusta,0,AU,1551398107,27,-32.49,137.76,96.01,6.93
322,safford,1,US,1551398488,18,32.83,-109.71,73.4,17.22
323,sambava,88,MG,1551398266,100,-14.27,50.17,76.69,5.06
324,fortuna,12,ES,1551398554,93,38.18,-1.13,55.99,2.24
325,vila velha,20,BR,1551398287,83,-3.71,-38.6,81,4.7
326,taltal,0,CL,1551398561,72,-25.41,-70.49,64.5,2.71
327,midleton,20,IE,1551396600,93,51.91,-8.17,42.8,3.36
328,bafoulabe,0,ML,1551398562,39,13.81,-10.83,61.12,8.52
329,constitucion,5,MX,1551398416,10,23.99,-104.67,80.6,23.04
330,pochutla,40,MX,1551398405,69,15.74,-96.47,82.99,11.41
331,djambala,48,CG,1551398563,92,-2.55,14.76,70.53,3.04
332,emerald,48,AU,1551398007,50,-23.53,148.16,80.01,10.29
333,timiryazevskoye,20,RU,1551398432,85,56.49,84.88,21.2,6.71
334,buraydah,0,SA,1551394800,76,26.33,43.97,50,6.93
335,zhigansk,68,RU,1551398564,69,66.77,123.37,-5.53,7.4
336,isla mujeres,40,MX,1551397989,65,21.23,-86.73,80.6,8.05
337,san cristobal,75,EC,1551398511,72,-0.39,-78.55,64.4,10.29
338,vila franca do campo,75,PT,1551398535,93,37.72,-25.43,60.8,12.75
339,toowoomba,75,AU,1551398465,64,-27.56,151.95,78.01,17.22
340,college,1,US,1551398312,78,64.86,-147.8,36,4.61
341,sioux lookout,75,CA,1551394800,72,50.1,-91.92,14,6.93
342,hofn,92,IS,1551398565,100,64.25,-15.21,39.66,8.19
343,barranca de upia,92,CO,1551398565,43,4.57,-72.97,78.22,1.7
344,north bend,75,US,1551398466,87,43.41,-124.22,45,5.82
345,ranong,20,TH,1551394800,94,9.96,98.62,73.4,2.24
346,lillehammer,88,NO,1551398431,75,61.11,10.47,28.99,1.99
347,quelimane,75,MZ,1551394800,83,-17.88,36.89,80.6,3.36
348,sao joao da barra,75,BR,1551394800,88,-21.64,-41.05,77,4.7
349,gaeta,40,IT,1551398467,93,41.22,13.56,54,5.82
350,leningradskiy,88,RU,1551398566,100,69.38,178.42,4.74,20.27
351,rajgir,0,IN,1551398567,75,25.03,85.42,53.29,6.4
352,dukat,0,RS,1551398462,71,42.44,22.31,32,2.48
353,bukama,64,CD,1551398567,96,-9.2,25.85,67.2,2.93
354,dongsheng,92,CN,1551398567,99,29.72,112.52,45.37,6.96
355,luderitz,0,NA,1551398567,75,-26.65,15.16,62.52,16.8
356,port keats,0,AU,1551398568,100,-14.25,129.55,81.15,10.42
357,aconibe,88,GQ,1551398568,97,1.29,10.94,68.32,1.36
358,manga,56,BF,1551398568,20,11.67,-1.07,73.23,9.42
359,benguela,80,AO,1551398568,100,-12.58,13.4,78.04,3.49
360,san patricio,0,PY,1551398568,62,-26.98,-56.83,66.52,3.38
361,millville,1,US,1551398546,55,39.4,-75.04,36,8.05
362,staryy nadym,68,RU,1551398569,74,65.61,72.68,2.67,11.21
363,ossora,12,RU,1551398569,100,59.24,163.07,-1.75,3.71
364,mogzon,0,RU,1551398569,54,51.74,111.97,7.35,2.59
365,homer,1,US,1551398260,64,59.64,-151.54,39.99,4.7
366,yenagoa,92,NG,1551398570,97,4.92,6.26,70.62,3.94
367,lodja,88,CD,1551398570,95,-3.52,23.6,69.85,1.92
368,aranda de duero,8,ES,1551398570,81,41.67,-3.69,33.85,2.37
369,lata,0,IN,1551398570,68,30.78,78.62,22.65,2.93
370,slobozia,12,RO,1551398418,13,44.56,27.36,46,1.99
371,groton,1,US,1551398531,38,42.61,-71.57,26.6,5.82
372,vanavara,32,RU,1551398571,69,60.35,102.28,8.61,2.59
373,duki,100,PK,1551398571,88,30.15,68.58,45.33,2.82
374,mehamn,90,NO,1551394200,73,71.03,27.85,24.8,20.8
375,coihaique,0,CL,1551394800,58,-45.58,-72.07,57.2,3.36
376,wamba,24,CD,1551398572,94,2.14,27.99,68.19,2.71
377,wegrow,56,PL,1551398510,78,52.4,22.02,39,4
378,kogon,32,UZ,1551394800,70,39.73,64.54,46.4,9.17
379,laguna,5,MX,1551397200,26,27.52,-110.01,78.8,9.17
380,kutum,0,SD,1551398573,31,14.2,24.66,62.88,10.54
381,abapo,68,BO,1551398573,82,-18.83,-63.47,68.14,1.36
382,kholodnyy,20,RU,1551398573,72,62.72,147.95,-18.94,3.6
383,goure,92,NE,1551398573,42,13.98,10.27,77.46,5.39
384,ayni,64,TJ,1551398573,71,39.39,68.54,20.8,2.93
385,louga,0,SN,1551394800,12,15.62,-16.22,78.8,6.93
386,torbay,75,CA,1551398517,73,47.66,-52.73,21,27.51
387,boyolangu,56,ID,1551398574,95,-8.09,111.9,75.03,3.15
388,penzance,0,GB,1551398463,87,50.12,-5.53,51.01,16.11
389,thunder bay,40,CA,1551398565,49,48.41,-89.26,23,11.41
390,qaqortoq,0,GL,1551394200,80,60.72,-46.03,33.8,6.93
391,pitimbu,20,BR,1551394800,83,-7.47,-34.81,80.6,5.82
392,chuy,88,UY,1551398533,73,-33.69,-53.46,71.2,3.27
393,hirara,75,JP,1551394800,88,24.8,125.28,69.8,6.93
394,ligayan,8,PH,1551398576,100,4.65,119.47,80.43,10.76
395,itarema,92,BR,1551398576,100,-2.92,-39.92,75.07,8.63
396,umm lajj,76,SA,1551398576,93,25.02,37.27,64.59,17.69
397,loveland,40,US,1551398571,49,40.4,-105.08,50,13.87
398,tura,8,IN,1551398576,89,25.52,90.21,53.07,4.94
399,srednekolymsk,56,RU,1551398576,69,67.46,153.71,-9.98,2.93
400,moron,20,VE,1551398577,75,10.49,-68.2,72.96,3.27
401,vostok,80,RU,1551398577,78,46.45,135.83,23.32,2.82
402,kiunga,32,PG,1551398577,87,-6.12,141.3,81.55,2.93
403,okitipupa,92,NG,1551398577,98,6.5,4.78,71.74,2.15
404,eenhana,32,NA,1551394800,83,-17.48,16.34,71.6,8.05
405,trincomalee,0,LK,1551398578,93,8.58,81.23,70.71,2.59
406,naron,90,ES,1551398483,100,43.52,-8.15,55,2.24
407,ostersund,12,SE,1551398496,73,63.18,14.64,24.8,3.36
408,naryan-mar,24,RU,1551398579,64,67.67,53.09,2.67,11.43
409,charters towers,0,AU,1551398579,80,-20.07,146.27,76.47,9.53
410,talnakh,80,RU,1551398579,76,69.49,88.39,1.86,19.6
411,faya,0,SA,1551394800,62,18.39,42.45,60.8,14.99
412,binzhou,0,CN,1551397286,60,37.38,117.96,45,2.93
413,oyama,75,JP,1551398310,81,36.31,139.8,48,3.36
414,laem sing,76,TH,1551398532,66,12.48,102.07,84.99,3.6
415,wuwei,80,CN,1551398580,76,37.93,102.64,16.26,3.94
416,xuddur,0,SO,1551398581,43,4.12,43.89,68.46,8.97
417,abu kamal,0,SY,1551398581,72,34.45,40.92,40.42,18.25
418,midland,1,US,1551397980,36,32,-102.08,68,8.05
419,hay river,40,CA,1551394800,63,60.82,-115.79,-11.21,10.29
420,brigantine,1,US,1551398581,59,39.41,-74.36,36,6.93
421,flinders,75,AU,1551398527,64,-34.58,150.85,82,5.82
422,assare,80,BR,1551398446,77,-6.87,-39.88,75.93,4.16
423,mayumba,92,GA,1551398583,100,-3.44,10.65,79.53,5.95
424,troitsko-pechorsk,80,RU,1551398583,83,62.71,56.19,8.43,2.71
425,dehui,0,CN,1551394800,39,44.53,125.71,28.4,6.71
426,ketchikan,1,US,1551394380,45,55.34,-131.65,51.8,16.11
427,bouca,64,CF,1551398583,58,6.51,18.28,77.5,5.39
428,eau claire,1,US,1551398407,47,44.81,-91.5,18,8.05
429,siemiatycze,80,PL,1551398131,83,52.43,22.86,33.01,8.01
430,barcelona,20,ES,1551398424,93,41.38,2.18,54,5.82
431,luwuk,12,ID,1551398584,92,-0.95,122.79,80.43,2.93
432,bima,8,ID,1551398584,92,-8.45,118.73,80.7,2.04
433,morondava,68,MG,1551398585,100,-20.3,44.28,78.09,5.06
434,abashiri,20,JP,1551398466,72,44.01,144.25,26.01,8.05
435,muroto,75,JP,1551394800,100,33.37,134.14,53.6,14.99
436,antofagasta,75,CL,1551394800,77,-23.65,-70.4,69.8,13.87
437,juneau,1,US,1551398238,60,58.3,-134.42,46.4,6.93
438,severomuysk,44,RU,1551398586,70,56.17,113.57,5.19,2.93
439,samana,0,EC,1551394800,58,0.12,-76.97,87.8,3.36
440,igrim,80,RU,1551398587,83,63.19,64.42,14.01,3.38
441,sisophon,0,KH,1551398587,79,13.59,102.97,76.42,7.96
442,sao filipe,0,CV,1551398588,88,14.9,-24.5,72.24,18.59
443,souillac,90,FR,1551398408,93,45.6,-0.6,53.01,9.17
444,batangafo,92,CF,1551398588,66,7.3,18.29,79.08,2.93
445,marienburg,75,DE,1551398537,93,52.12,9.98,48.99,4.7
446,kieta,12,PG,1551398589,97,-6.22,155.63,82.72,3.6
447,kefalos,40,GR,1551394200,57,36.75,26.96,50,15.35
448,salta,75,AR,1551394800,60,-24.79,-65.41,71.6,8.05
449,mahibadhoo,12,MV,1551398589,100,3.78,72.97,80.74,7.74
450,fort morgan,48,US,1551398405,60,40.25,-103.8,41,5.82
451,eureka,90,US,1551398312,100,40.8,-124.16,52,6.93
452,ambulu,48,ID,1551398590,100,-8.35,113.61,80.88,3.94
453,pahrump,1,US,1551398424,28,36.21,-115.98,72,14.99
454,miandrivazo,44,MG,1551398590,96,-19.53,45.46,69.4,2.71
455,clyde river,1,CA,1551394800,70,70.47,-68.59,-2.21,41.38
456,igarka,80,RU,1551398591,70,67.47,86.57,1.05,15.12
457,gloucester,75,GB,1551398459,100,51.87,-2.25,48.99,4.7
458,san mateo ixtatan,56,GT,1551398591,61,15.83,-91.48,66.93,1.92
459,perm,40,RU,1551396600,79,58.02,56.25,24.8,11.18
460,galle,90,US,1551398522,81,29.74,-97.91,46.99,11.41
461,tongchuan,88,CN,1551394800,81,34.9,108.95,44.6,4.47
462,saint-raymond,5,CA,1551398495,61,46.89,-71.84,12.2,8.05
463,atambua,12,ID,1551398592,100,-9.11,124.89,80.97,4.72
464,coaldale,75,CA,1551396852,85,49.73,-112.62,23,11.41
465,hambantota,0,LK,1551398593,100,6.12,81.12,77.28,6.4
466,pringsewu,24,ID,1551398593,93,-5.36,104.98,73.45,2.48
467,caucaia,20,BR,1551398287,83,-3.73,-38.66,81,4.7
468,luanda,20,AO,1551394800,83,-8.83,13.24,82.4,4.7
469,samarai,20,PG,1551398594,100,-10.62,150.67,82.5,9.98
470,kamaishi,75,JP,1551394800,84,39.28,141.86,32,2.24
471,broome,68,GB,1551398585,93,52.47,1.45,46.99,9.17
472,mlowo,32,TZ,1551398595,91,-9.01,33,58.83,2.59
473,salinas,20,US,1551398541,67,36.67,-121.66,61,5.95
474,hit,0,IQ,1551398595,65,33.64,42.83,46.68,17.47
475,doha,40,QA,1551398160,68,25.29,51.53,71.6,11.41
476,whitehorse,5,CA,1551398572,53,60.72,-135.06,28,3.36
477,saint anthony,90,US,1551398554,69,43.97,-111.68,39,17.22
478,san carlos de bariloche,75,AR,1551394800,36,-41.13,-71.31,64.4,20.8
479,goderich,76,CA,1551398490,79,43.74,-81.71,19.99,3.83
480,pimentel,92,BR,1551398597,97,-3.7,-45.5,72.78,3.83
481,malanville,44,NE,1551398597,25,11.86,3.39,74.85,7.74
482,chabahar,80,IR,1551398599,95,25.29,60.65,72.78,16.24
483,dunedin,0,NZ,1551398317,44,-45.87,170.5,66,17
484,guanica,75,PR,1551398577,99,17.97,-66.91,78.01,6.93
485,floro,44,NO,1551398337,74,61.6,5.03,37.4,9.17
486,kafue,0,ZM,1551394800,82,-15.74,28.18,68,4.7
487,shenxian,0,CN,1551398602,79,36.24,115.67,39.03,6.85
488,alexandria,90,US,1551398107,93,31.31,-92.44,60.8,10.29
489,san carlos,20,VE,1551398602,38,9.66,-68.59,86.95,8.63
490,hakkari,0,FI,1551398587,67,61.34,23.75,19.4,4.7
491,waiuku,0,NZ,1551398584,49,-37.25,174.73,72,2.24
492,canoinhas,12,BR,1551398604,75,-26.18,-50.4,66.7,4.27
493,harper,90,US,1551398100,81,30.3,-99.24,48.2,5.82
494,mata,20,CU,1551397860,64,22.63,-79.93,75.2,5.82
495,ngunguru,0,NZ,1551398585,64,-35.62,174.5,70,8.01
496,archidona,75,EC,1551394800,74,-0.91,-77.81,80.6,2.24
497,seymchan,64,RU,1551398605,69,62.93,152.39,-2.51,4.5
498,ullapool,48,GB,1551398418,90,57.9,-5.16,44.01,5.61
499,tonantins,8,BR,1551398606,89,-2.86,-67.77,79.26,2.37
500,labuhan,76,ID,1551398606,96,-2.54,115.51,73.9,2.71
501,pasni,12,PK,1551398606,90,25.26,63.48,70.17,8.3
502,port blair,0,IN,1551398606,100,11.67,92.75,82.14,8.19
503,northam,75,GB,1551398600,93,51.04,-4.21,51.01,10.29
504,hounde,8,BF,1551398607,26,11.5,-3.52,67.02,6.73
505,ongandjera,32,NA,1551398607,84,-17.88,15.07,66.25,5.06
506,aberdeen,1,US,1551398496,72,45.47,-98.49,17.01,6.93
507,batagay-alyta,24,RU,1551398608,42,67.8,130.41,-28.84,2.71
508,ocampo,92,PH,1551398608,88,13.56,123.37,77.14,8.86
509,margate,20,AU,1551398595,60,-43.03,147.26,78.01,5.82
510,sobolevo,92,RU,1551398608,96,54.43,31.9,32.46,13.78
511,novobiryusinskiy,48,RU,1551398609,84,56.96,97.71,18.69,4.61
512,tiznit,0,MA,1551398609,92,29.7,-9.73,51.9,2.93
513,venustiano carranza,20,MX,1551398589,14,19.42,-99.11,87.8,6.93
514,tsubata,75,JP,1551398333,87,36.67,136.73,48.99,4.7
515,sapatgram,100,IN,1551398610,96,26.35,90.16,55,0.47
516,polunochnoye,76,RU,1551398610,78,60.87,60.43,19.23,7.96
517,tual,64,ID,1551398610,100,-5.67,132.75,80.61,6.62
518,pedregulho,88,BR,1551398610,97,-20.25,-47.48,68.82,2.59
519,santander,56,PH,1551398611,95,9.42,123.33,77.46,16.35
520,kez,76,RU,1551398611,90,57.9,53.72,24.18,9.86
521,ypsilanti,20,US,1551398327,62,42.24,-83.61,28.4,9.17
522,guerrero negro,0,MX,1551398611,46,27.97,-114.04,71.34,10.54
523,plettenberg bay,88,ZA,1551398611,95,-34.05,23.37,67.24,11.43
524,dongzhen,0,CN,1551398612,50,43.33,129.73,28.32,2.82
525,wote,0,KE,1551398612,79,-1.78,37.63,62.2,2.71
526,tilichiki,0,RU,1551398612,73,60.47,166.1,-3.37,3.71
527,slave lake,20,CA,1551394800,47,55.28,-114.77,14,11.41
528,balakhta,92,RU,1551398613,68,55.38,91.62,24.45,4.83
529,ahar,80,IR,1551398613,91,38.48,47.07,25.84,2.82
530,chapleau,20,CA,1551396780,72,47.85,-83.4,14,11.41
531,deputatskiy,0,RU,1551398613,0,69.3,139.9,-35.9,2.59
532,yarim,0,YE,1551398614,80,14.3,44.38,40.92,1.25
533,sanchazi,40,CN,1551398542,93,30.43,103.62,51.01,6.71
534,tocopilla,8,CL,1551398614,85,-22.09,-70.2,66.21,4.16
535,yar-sale,76,RU,1551398449,82,66.83,70.83,2.89,10.76
536,ust-nera,0,RU,1551398614,56,64.57,143.24,-35,2.15
537,baturaja,44,ID,1551398614,98,-4.12,104.17,73.99,4.38
538,manjacaze,0,MZ,1551398615,67,-24.71,33.88,81.42,7.96
539,adwa,0,ET,1551398615,89,14.16,38.9,55,1.59
540,dalvik,0,SE,1551398432,85,57.79,14.13,27,3.6
541,pronsk,92,RU,1551398339,94,54.12,39.61,30.99,3.15
542,cabinda,80,AO,1551398616,100,-5.56,12.19,81.87,7.63
543,terney,0,RU,1551398616,74,45.05,136.61,32.5,9.19
544,tsuruoka,75,JP,1551394800,97,38.61,139.81,35.6,5.82
545,ishigaki,75,JP,1551394800,83,24.34,124.16,69.8,12.75
546,takayama,75,JP,1551398333,80,36.14,137.25,48.99,4.7
547,swan river,36,CA,1551398617,69,52.11,-101.27,8.43,3.71
548,emirdag,0,TR,1551398617,85,39.02,31.15,20.62,5.95
549,hailar,0,CN,1551398507,54,49.2,119.7,10.9,6.51
550,kaduqli,0,SD,1551398617,25,11.01,29.72,78.18,13.44
551,kastamonu,12,TR,1551398618,78,41.38,33.78,19.27,6.73
552,bubaque,0,GW,1551398618,86,11.28,-15.83,80.07,18.14
553,shelburne,1,CA,1551398611,61,44.08,-80.2,19.4,6.93
554,kikwit,68,CD,1551398618,93,-5.04,18.82,71.79,2.26
555,aswan,0,EG,1551394800,33,24.09,32.9,57.2,10.29
556,kang,0,BW,1551398619,23,-23.67,22.79,73.68,10.54
557,henties bay,0,NA,1551394928,85,-22.12,14.28,64.99,1.99
558,milpitas,90,US,1551398616,62,37.43,-121.91,60.01,9.17
559,keetmanshoop,0,NA,1551394800,21,-26.57,18.15,80.6,5.82
560,aranos,0,NA,1551398619,20,-24.14,19.11,72.24,10.76
561,avon park,1,US,1551398556,60,27.6,-81.51,78.01,3.04
562,san policarpo,0,PH,1551398620,90,12.18,125.51,78.81,13.11
563,ust-omchug,48,RU,1551398620,61,61.13,149.63,-9.76,3.49
564,mnogovershinnyy,0,RU,1551398620,80,53.94,139.92,11.35,3.38
565,klyuchi,64,RU,1551398621,83,52.25,79.17,18.33,6.73
566,rio gallegos,40,AR,1551398400,76,-51.62,-69.22,57.2,6.4
567,kampong chhnang,0,KH,1551398621,81,12.25,104.67,71.88,6.17
568,coachella,1,US,1551398617,33,33.68,-116.18,82.4,9.17
569,petropavlovsk-kamchatskiy,44,RU,1551396600,66,53.05,158.65,12.2,4.47
570,tarakan,20,ID,1551394800,83,3.3,117.63,77,2.24
571,severodvinsk,75,RU,1551396600,83,64.56,39.82,-4.01,10.65
572,natchez,90,US,1551398407,100,31.56,-91.4,66.2,6.06
573,bria,44,CF,1551398622,79,6.54,21.99,73,2.37
574,gazojak,12,TM,1551398622,94,41.19,61.4,31.69,2.93
575,inhambane,0,MZ,1551398622,98,-23.87,35.38,78.04,8.86
576,lebanon,1,US,1551398495,50,43.64,-72.25,21.2,2.71
577,chapais,20,CA,1551394800,61,49.78,-74.86,12.2,5.82
578,meulaboh,44,ID,1551398604,100,4.14,96.13,78.18,3.04
579,luxor,0,EG,1551394800,58,25.7,32.65,55.4,2.24
580,barkly west,0,ZA,1551394800,28,-28.54,24.52,71.6,6.93
581,urusha,0,RU,1551398624,59,54.05,122.9,3.79,2.37
582,ewa beach,75,US,1551398420,44,21.32,-158.01,75.2,9.17
583,mlonggo,20,ID,1551394800,88,-6.53,110.7,78.8,1.12
584,emporia,1,US,1551398404,53,38.4,-96.18,27,3.27
585,dongying,0,CN,1551398624,76,37.43,118.67,35.88,2.82
586,agen,90,FR,1551398427,81,44.2,0.62,51.01,3.36
587,san rafael,0,AR,1551398625,29,-34.61,-68.33,76.11,3.94
588,san juan,40,PR,1551398507,74,18.47,-66.12,78.8,10.29
589,walkerburn,75,GB,1551398604,100,55.62,-3.02,43,3.36
590,kruisfontein,80,ZA,1551398627,88,-34,24.73,66.84,14
591,rocha,0,UY,1551398628,65,-34.48,-54.34,66.21,7.85
592,rafraf,20,TN,1551396600,81,37.19,10.18,55.4,3.36
593,huntsville,90,US,1551398575,93,34.73,-86.59,62.6,9.17
594,tautira,75,PF,1551398590,70,-17.73,-149.15,87.8,4.7
595,bambanglipuro,56,ID,1551398629,96,-7.95,110.28,75.25,3.6
596,popondetta,48,PG,1551398629,85,-8.77,148.24,75.39,0.92
597,haines junction,8,CA,1551398629,86,60.75,-137.51,17.34,1.36
598,sulangan,0,PH,1551398629,100,11.14,123.72,79.39,19.26
599,rosarito,0,CO,1551394800,77,4.91,-75.23,80.6,8.05
600,visby,0,SE,1551398432,74,57.64,18.3,34,12.75
601,bathsheba,40,BB,1551394800,74,13.22,-59.52,78.8,18.34
602,sechura,32,PE,1551398630,75,-5.56,-80.82,78.67,9.64
603,bhalwal,80,PK,1551398630,86,32.26,72.91,49.24,3.27
604,freetown,20,BS,1551394800,73,26.61,-78.36,75.2,5.82
605,praia da vitoria,20,PT,1551398429,87,38.73,-27.07,59,18.7
606,liman,56,RU,1551398631,84,45.78,47.23,29.67,6.4
607,sorland,0,NO,1551398631,100,67.67,12.69,36.51,10.42
608,sibolga,0,ID,1551398632,100,1.74,98.78,66.12,1.59
609,bambous virieux,40,MU,1551398341,83,-20.34,57.76,80.6,5.82
610,marsa matruh,40,EG,1551394800,71,31.35,27.25,51.8,11.41
611,hope,20,CA,1551398448,74,49.38,-121.43,45,4.7
612,myitkyina,68,MM,1551398633,97,25.38,97.4,58.29,2.04
613,horsham,0,AU,1551398633,33,-36.71,142.2,85.69,8.52
614,byron bay,90,AU,1551398442,65,-28.65,153.62,78.8,12.75
615,saint-francois,0,FR,1551398430,66,46.42,3.91,51.8,11.41
616,dusti,75,TJ,1551396600,81,37.35,68.68,44.6,6.71
617,saint-louis,90,CH,1551398557,66,47.59,7.56,53.01,14.99
618,amarante do maranhao,100,BR,1551398634,98,-5.57,-46.74,69.45,1.14
619,mount isa,0,AU,1551396600,42,-20.73,139.49,84.2,11.41
620,namibe,64,AO,1551398635,100,-15.19,12.15,77.64,1.92
621,tazmalt,0,DZ,1551394800,87,36.39,4.4,46.4,9.17
622,casale monferrato,0,IT,1551398620,93,45.14,8.45,53.01,2.24
623,tabou,56,CI,1551398635,95,4.42,-7.36,83.35,8.97
624,yaan,68,NG,1551398636,94,7.38,8.57,72.55,9.64
625,sola,20,NO,1551398421,86,58.89,5.65,39.2,11.41
626,rawson,80,AR,1551398636,60,-43.3,-65.11,63.6,8.63
627,shebunino,90,RU,1551396600,92,57.66,40.04,30.2,4.47
628,nioro,0,GM,1551398636,25,13.79,-15.05,69.85,13.11
629,griffith,0,AU,1551398416,30,-34.29,146.06,89.01,12.75
630,pontes e lacerda,92,BR,1551398637,97,-15.23,-59.33,72.69,3.38
631,kovernino,92,RU,1551398637,93,57.13,43.81,25.39,2.82
632,lashio,0,MM,1551398637,73,22.93,97.75,56.76,2.82
633,rapid city,40,US,1551398405,58,44.08,-103.23,28.99,5.82
634,jabinyanah,20,TN,1551394800,81,35.03,10.91,51.8,5.82
635,evensk,0,RU,1551398638,100,61.92,159.24,-1.84,4.16
636,konevo,0,BG,1551398413,78,41.67,25.61,39.99,1.01
637,turkan,80,AF,1551398638,91,35.6,68.92,12.3,1.92
638,dalaba,20,GN,1551398639,36,10.69,-12.25,60.85,6.62
639,upington,0,ZA,1551394800,33,-28.46,21.24,71.6,5.82
640,celestun,24,MX,1551398639,88,20.87,-90.4,80.61,17.13
641,solnechnyy,20,RU,1551398639,61,50.72,136.64,17.7,4.38
642,dakar,0,SN,1551396600,37,14.69,-17.45,71.6,11.41
643,kavaratti,0,IN,1551398640,100,10.57,72.64,82.32,11.43
644,oranjemund,0,ZA,1551398640,90,-28.55,16.43,63.78,23.17
645,ust-tsilma,64,RU,1551398640,77,65.44,52.15,1.5,4.16
646,burlington,75,CA,1551398622,72,43.32,-79.8,19.99,2.24
647,el dorado,20,VE,1551398641,63,6.71,-61.64,77.82,5.28
648,pangnirtung,75,CA,1551394800,76,66.15,-65.72,-7.61,9.17
649,zharkent,12,KZ,1551398641,48,44.17,80,4.92,3.38
650,codajas,68,BR,1551398641,82,-3.84,-62.06,79.17,8.3
651,grafton,75,AU,1551398609,61,-29.69,152.93,77,5.82
652,amahai,0,ID,1551393577,78,-3.31,129,86,6.62
653,geraldton,75,CA,1551394800,61,49.72,-86.95,15.8,9.17
654,puerto barrios,40,GT,1551398466,69,15.72,-88.58,82.4,9.17
655,brae,88,GB,1551397800,100,60.4,-1.35,37.4,1.12
656,winslow,75,GB,1551398639,100,51.94,-0.88,48.99,10.29
657,kindersley,75,CA,1551397560,72,51.47,-109.16,17.6,9.17
658,iquitos,20,PE,1551394800,74,-3.75,-73.25,84.2,5.82
659,belmonte,0,PT,1551398620,93,40.36,-7.35,45,4.61
660,urucara,92,BR,1551398370,86,-2.54,-57.76,77.14,2.37
661,buchanan,40,LR,1551394800,88,5.88,-10.05,77,5.73
662,morro bay,20,US,1551398644,59,35.37,-120.85,64,3.36
663,tymovskoye,80,RU,1551398346,75,50.85,142.66,18.69,3.27
664,qasigiannguit,40,GL,1551394200,72,68.82,-51.19,17.6,3.36
665,dawson creek,75,CA,1551394800,53,55.76,-120.23,24.8,12.75
666,aquiraz,20,BR,1551398287,83,-3.9,-38.39,81,4.7
667,merauke,56,ID,1551398646,100,-8.49,140.4,81.15,8.52
668,xining,80,CN,1551398646,92,36.62,101.77,18.1,3.15
669,saharsa,0,IN,1551398646,89,25.88,86.59,46.59,2.93
670,felanitx,90,ES,1551398467,100,39.47,3.15,59,2.24
671,littleton,75,US,1551398441,39,39.61,-105.02,54,14.99
672,orlik,0,RU,1551398647,55,52.51,99.83,-10.21,1.92
673,buzmeyin,75,TM,1551394800,87,38.05,58.21,44.6,4.7
674,carmo do cajuru,92,BR,1551398648,76,-20.18,-44.77,74.62,4.83
675,quatre cocos,40,MU,1551398640,83,-20.21,57.76,80.6,5.82
676,riberalta,75,BO,1551394800,74,-11,-66.08,82.4,6.93
677,lanxi,80,CN,1551398648,99,29.21,119.46,45.55,3.49
678,kedrovyy,88,RU,1551396600,79,56.17,91.82,21.2,2.59
679,salinopolis,92,BR,1551398648,100,-0.61,-47.36,74.4,3.15
680,carbonia,40,IT,1551396000,87,39.17,8.53,51.8,10.29
681,betafo,32,MG,1551398649,88,-19.84,46.86,52.71,4.72
682,tucumcari,1,US,1551398418,20,35.17,-103.73,66.2,8.05
683,tagusao,0,PH,1551398649,92,9.19,117.81,76.24,4.94
684,mastic beach,1,US,1551398644,53,40.77,-72.85,30.99,9.86
685,caraballeda,40,VE,1551398419,73,10.61,-66.85,77,3.36
686,la cruz,0,MX,1551398138,62,23.92,-106.89,75.99,3
687,qianan,0,CN,1551398650,40,44.99,124.06,30.25,9.64
688,namie,75,JP,1551398614,100,37.52,140.86,46.99,11.41
689,sur,0,OM,1551398651,100,22.57,59.53,69.81,16.58
690,saint stephen,1,US,1551398650,72,45.7,-94.27,19.4,6.93
691,eyl,92,SO,1551398651,100,7.98,49.82,73.77,4.38
692,la paz,5,MX,1551397920,29,24.15,-110.32,77,9.17
693,udachnyy,68,RU,1551398651,71,66.42,112.4,2.67,2.59
694,la ronge,90,CA,1551394800,60,55.1,-105.3,5,5.82
695,turbat,92,PK,1551398652,85,26,63.05,63.42,2.93
696,suicheng,24,CN,1551398650,86,33.9,117.93,38.76,2.82
697,gorgan,90,IR,1551394800,93,36.84,54.43,48.2,1.81
698,chicontepec,12,MX,1551398652,69,20.97,-98.17,78.81,3.38
699,zhezkazgan,76,KZ,1551398652,60,47.8,67.71,6.63,2.93
700,bay roberts,75,CA,1551398605,73,47.58,-53.28,21,27.51
701,torres,44,BR,1551398652,100,-29.34,-49.73,67.42,4.72
702,puerto del rosario,36,ES,1551396600,72,28.5,-13.86,64.4,13.87
703,yatou,40,CM,1551394800,94,3.63,9.81,77,3.36
704,fernandez,0,PH,1551398653,78,11.38,122.76,79.98,11.77
705,mutoko,12,ZW,1551398653,87,-17.4,32.23,60.4,3.04
706,guadalupe y calvo,0,MX,1551398653,23,26.09,-106.96,67.92,3.15
707,kisarazu,90,JP,1551398646,93,35.36,139.97,48.99,9.75
708,pacific grove,20,US,1551398541,67,36.62,-121.92,60.8,5.95
709,tavda,68,RU,1551398654,83,58.04,65.27,15.45,9.86
710,havoysund,75,NO,1551397800,79,71,24.66,28.4,48.32
711,butterworth,75,MY,1551396600,83,5.4,100.37,82.4,6.93
712,bilma,48,NE,1551398654,38,18.69,12.92,64.14,10.42
713,marabba,0,SD,1551398655,21,12.35,32.18,78.45,14.45
714,tecoanapa,5,MX,1551398040,74,16.99,-99.26,82.4,9.17
715,havelock,40,US,1551398432,81,34.88,-76.9,53.6,14.99
716,okhotsk,80,RU,1551398655,100,59.36,143.24,6.67,4.61
717,bandarbeyla,92,SO,1551398655,100,9.49,50.81,75.66,2.59
718,nantong,24,CN,1551398654,74,31.98,120.89,51.01,1.01
719,pasir gudang,75,MY,1551398410,88,1.46,103.88,80.6,3.36
720,anadyr,90,RU,1551398595,95,64.73,177.51,32,42.5
721,hangu,92,PK,1551398656,100,33.53,71.06,33.94,2.37
722,fomboni,24,KM,1551398656,100,-12.28,43.74,83.76,7.4
723,isla vista,40,US,1551398653,72,34.41,-119.86,62.6,13.87
724,mineros,20,BO,1551394800,69,-17.12,-63.23,78.8,3.36
725,aspe,0,ES,1551398642,93,38.35,-0.77,55.99,2.24
726,panguna,44,PG,1551398657,81,-6.32,155.48,83.94,2.71
727,yarada,40,IN,1551394800,88,17.65,83.27,77,6.93
728,claresholm,90,CA,1551397571,85,50.02,-113.58,23,8.05
729,asifabad,0,IN,1551398658,72,19.38,79.29,58.47,3.38
730,agirish,56,RU,1551398658,90,61.92,63.02,18.33,5.61
731,pasil,56,PH,1551398658,86,17.39,121.16,66.03,1.81
732,banda aceh,64,ID,1551398658,99,5.56,95.32,74.62,2.15
733,salmo,88,CA,1551395615,79,49.19,-117.28,30.99,1.99
734,arman,56,RU,1551398659,62,59.7,150.17,2.89,4.27
735,tyukhtet,80,RU,1551398659,92,56.54,89.31,23.05,5.73
736,aliwal north,0,ZA,1551398659,78,-30.69,26.71,51.36,2.71
737,atig,80,RU,1551398659,80,56.69,59.43,20.44,7.96
738,sharjah,40,AE,1551394800,73,25.36,55.39,71.6,12.75
739,madimba,40,CM,1551394800,94,4.42,9.93,77,3.36
740,semey,80,KZ,1551398660,91,50.41,80.25,26.2,4.72
741,santa helena,92,BR,1551398660,99,-2.23,-45.3,71.52,3.71
742,pailon,68,BO,1551398400,78,-17.66,-62.72,78.8,4.38
743,puerto escondido,5,MX,1551397500,74,15.86,-97.07,82.4,9.17
744,ambovombe,0,MG,1551398662,96,-25.18,46.09,77.77,2.48
745,salo,0,FI,1551398632,86,60.38,23.13,24.01,9.17
746,auki,44,NG,1551398662,49,12.18,6.51,76.56,5.17
747,matara,36,PE,1551398662,91,-13.74,-72.9,47.62,1.92
748,barra do bugres,80,BR,1551398662,94,-15.07,-57.19,74.4,1.81
749,panzhihua,92,CN,1551398663,50,26.59,101.72,58.56,8.86
750,padang,40,ID,1551394800,100,-0.92,100.36,77,1.12
751,nuevo progreso,90,US,1551398384,61,26.05,-97.95,78.8,9.17
752,dong hoi,0,VN,1551398663,95,17.48,106.6,73.9,9.98
753,cap malheureux,40,MU,1551398640,83,-19.98,57.61,80.6,5.82
754,yumen,32,CN,1551398664,56,40.29,97.04,17.65,6.29
755,siocon,48,PH,1551398664,100,11.03,124.04,78.49,15.68
756,maragogi,76,BR,1551398448,94,-9.01,-35.22,77.28,5.61
757,burnie,0,AU,1551398300,68,-41.05,145.91,79,8.01
758,borujerd,88,IR,1551394800,80,33.89,48.76,39.2,10.29
759,adelaide,0,AU,1551398501,14,-34.93,138.6,98.01,12.75
760,pires do rio,88,BR,1551398630,95,-17.3,-48.28,68.46,4.27
761,tulu bolo,0,ET,1551398665,63,8.66,38.21,46.95,3.94
762,alta floresta,56,BR,1551398665,93,-9.87,-56.08,74.4,2.15
763,bertoua,88,CM,1551398665,69,4.58,13.68,73.27,5.28
764,riohacha,40,CO,1551394800,74,11.54,-72.91,80.6,9.17
765,serramanna,40,IT,1551396000,87,39.42,8.92,55.4,10.29
766,gravdal,0,NO,1551398644,86,59.79,5.78,37,17.22
767,puri,20,ID,1551394800,94,-7.54,112.45,80.6,4.7
768,ponta delgada,75,PT,1551398595,93,37.73,-25.67,60.8,12.75
769,westerland,90,NL,1551398663,93,52.89,4.93,48,5.82
770,hirado,64,JP,1551398593,93,33.32,129.49,48.99,2.24
771,san francisco del mar,0,MX,1551398666,83,16.34,-94.51,82.32,8.75
772,keti bandar,0,PK,1551398667,93,24.14,67.45,71.7,4.61
773,sobotka,75,CZ,1551398430,85,50.47,15.18,50,4.7
774,glencoe,24,ZA,1551398667,92,-28.17,30.16,55.77,1.92
775,shelopugino,0,RU,1551398667,64,51.65,117.56,6.67,2.71
776,ornes,75,FR,1551398620,93,49.25,5.47,48.99,13.87
777,yurgamysh,80,RU,1551398668,89,55.37,64.47,15.09,12.66
778,waipawa,0,NZ,1551397456,51,-39.94,176.59,64.99,4.83
779,murakami,75,JP,1551394800,93,38.29,139.58,41,6.93
780,valdivia,20,CL,1551394800,52,-39.81,-73.25,69.8,4.7
781,roald,88,NO,1551398451,100,62.58,6.12,33.8,3.36
782,wewak,76,PG,1551398671,92,-3.55,143.63,79.57,1.7
783,togul,88,RU,1551398671,98,53.47,85.91,33,11.21
784,vega de alatorre,0,MX,1551398672,58,20.03,-96.65,79.39,5.73
785,neya,80,RU,1551398672,91,58.29,43.89,21.3,3.15
786,mizan teferi,36,ET,1551398672,81,6.99,35.58,59.28,1.92
787,san fernando,12,CL,1551398400,46,-34.58,-70.99,71.6,8.05
788,shingu,75,JP,1551394800,76,33.72,135.99,48.2,13.87
789,bucerias,5,MX,1551398431,69,20.76,-105.33,77,10.29
790,dubbo,36,AU,1551396600,41,-32.25,148.6,78.8,8.05
791,germersheim,90,DE,1551398590,76,49.22,8.37,52,9.17
792,usinsk,68,RU,1551398674,83,66,57.56,2.35,8.3
793,murray bridge,0,AU,1551398501,16,-35.12,139.28,98.01,4
794,perth,90,GB,1551398386,100,56.4,-3.43,43,2.24
795,shiraoi,75,JP,1551398413,79,42.56,141.33,41,4.7
796,dodola,56,BF,1551398676,23,10.12,-3.28,72.69,8.19
797,baie-saint-paul,0,CA,1551398676,61,47.44,-70.51,6.09,4.38
798,solano,48,PH,1551398676,82,16.52,121.18,67.15,1.36
799,paamiut,68,GL,1551398677,68,61.99,-49.67,38.31,10.65
800,okha,64,RU,1551398677,80,53.59,142.95,11.94,2.26
801,mbaiki,36,CF,1551398677,96,3.87,17.99,71.61,2.82
802,ternate,20,PH,1551398587,69,14.29,120.72,79,4.7
803,port hedland,75,AU,1551396600,88,-20.31,118.58,82.4,8.05
804,dauphin,1,CA,1551394800,66,51.15,-100.04,10.4,17.22
805,ardakan,0,IR,1551394800,26,32.31,54.02,55.4,9.17
806,saint-georges,0,CA,1551398404,62,46.12,-70.67,10.99,1.99
807,misratah,0,LY,1551398679,100,32.38,15.09,48.07,4.5
808,linxia,76,CN,1551398680,89,35.6,103.21,22.42,3.15
809,jatara,32,IN,1551398680,56,25.01,79.05,47.89,1.36
810,mpulungu,68,ZM,1551398680,89,-8.77,31.12,61.84,2.48
811,stokmarknes,8,NO,1551398453,80,68.56,14.91,27,4
812,port arthur,90,US,1551398408,93,29.9,-93.93,64.4,10.29
813,den helder,90,NL,1551398602,93,52.96,4.76,48,5.82
814,capreol,75,CA,1551398471,72,46.71,-80.92,16,14.99
815,kyrylivka,64,UA,1551398682,85,47.65,37.3,38.13,15.01
816,berdigestyakh,68,RU,1551398682,76,62.1,126.7,4.42,1.92
817,assiniboia,56,CA,1551398683,84,49.63,-105.99,10.72,5.95
818,conceicao do araguaia,92,BR,1551398683,92,-8.26,-49.26,76.69,3.15
819,leh,68,IN,1551398683,70,34.16,77.58,-16.46,1.48
820,tomatlan,76,MX,1551398684,80,19.93,-105.25,76.02,3.94
821,kihei,75,US,1551398637,50,20.76,-156.45,75.99,12.75
822,maloye verevo,90,RU,1551398541,67,59.61,30.17,23,17.9
823,swellendam,0,ZA,1551394800,88,-34.02,20.44,69.8,10.29
824,moranbah,20,AU,1551398686,51,-22,148.04,80.02,14.79
825,santa cruz del sur,92,CU,1551398687,52,20.71,-78,84.52,2.82
826,linhares,8,BR,1551398687,70,-19.38,-40.06,82.45,10.87
827,fairlie,90,US,1551398160,86,33.31,-95.96,35.6,6.93
828,anakapalle,40,IN,1551394800,88,17.69,83,77,6.93
829,paignton,75,GB,1551398645,93,50.44,-3.56,52,10.29
830,ampanihy,0,MG,1551398688,92,-24.69,44.75,71.07,2.82
831,boca do acre,0,BR,1551398688,89,-8.76,-67.39,77.19,2.93
832,idritsa,88,RU,1551398689,89,56.33,28.9,29.94,21.27
833,cockburn town,0,TC,1551398689,95,21.46,-71.14,78.45,17.47
834,thinadhoo,8,MV,1551398689,100,0.53,72.93,82,10.76
835,makokou,92,GA,1551398689,95,0.56,12.85,70.71,2.59
836,mollendo,20,PE,1551398690,71,-17.03,-72.02,69.27,3.6
837,san lawrenz,20,MT,1551398415,81,36.06,14.2,54,6.93
838,ouadda,20,CF,1551398690,84,8.07,22.4,70.3,2.93
839,mamit,0,IN,1551398690,95,23.92,92.49,50.95,1.36
840,elk,0,PL,1551398643,75,53.83,22.36,31.11,19.82
841,soyo,80,AO,1551398691,95,-6.13,12.37,77.05,3.27
842,lugovoy,80,RU,1551398691,88,59.72,65.88,19.23,8.75
843,genhe,0,CN,1551398691,53,50.78,121.52,1.72,4.61
844,menongue,64,AO,1551398692,94,-14.66,17.68,64.05,3.04
845,koumac,32,NC,1551398692,77,-20.56,164.28,82.59,8.97
846,boa vista,75,BR,1551394800,43,2.82,-60.67,87.8,12.75
847,batemans bay,24,AU,1551398542,44,-35.71,150.18,78.01,1.01
848,raduzhnyy,80,RU,1551398694,75,62.1,77.47,7.26,10.87
849,donskoy,75,RU,1551398259,93,47.12,39.32,39.99,26.84
850,mocorito,0,MX,1551398117,39,25.48,-107.92,84,10
851,svetlopolyansk,88,RU,1551398695,89,59.42,52.36,18.51,2.93
852,marsh harbour,24,BS,1551398695,100,26.54,-77.06,76.02,7.29
853,nizhnevartovsk,75,RU,1551396600,92,60.93,76.58,6.8,6.71
854,nanakuli,75,US,1551398226,56,21.39,-158.15,75.2,14.99
855,rzhyshchiv,40,UA,1551398561,90,49.97,31.05,39.99,17.9
856,skjervoy,80,NO,1551398696,100,70.03,20.97,32.05,29.1
857,comodoro rivadavia,0,AR,1551398400,77,-45.87,-67.48,60.8,12.44
858,sao felix do xingu,80,BR,1551398603,94,-6.64,-51.99,74.67,2.04
859,biltine,12,TD,1551398697,28,14.53,20.93,76.02,11.99
860,sibu,75,MY,1551394800,94,2.29,111.83,75.2,3.6
861,hokitika,0,NZ,1551398697,90,-42.72,170.96,60.4,1.81
862,montrose,0,AU,1551398643,21,-37.81,145.34,91.99,20.8
863,marsabit,0,KE,1551398698,72,2.34,37.99,69.45,3.71
864,dudinka,76,RU,1551398648,76,69.41,86.18,-4.13,21.16
865,changli,80,CN,1551398698,96,30.54,105.42,47.35,5.61
866,beisfjord,0,NO,1551398520,79,68.38,17.6,27,11.41
867,munirabad,0,IN,1551398699,70,15.28,76.33,59.01,3.38
868,fuglebjerg,0,DK,1551398653,75,55.31,11.55,37.99,1.7
869,mindelo,20,PT,1551398564,100,41.31,-8.72,53.6,11.54
870,berezovyy,12,RU,1551398700,57,51.67,135.7,12.52,3.15
871,acapulco,5,MX,1551398040,74,16.86,-99.88,82.4,9.17
872,crystal beach,1,CA,1551398697,67,42.87,-79.06,19.99,4.7
873,takoradi,36,GH,1551398700,100,4.89,-1.75,81.06,8.52
874,port alberni,90,CA,1551398426,86,49.24,-124.81,42.01,2.48
875,sampit,68,ID,1551398701,96,-2.54,112.95,74.58,4.72
876,koutsouras,0,GR,1551398111,66,35.03,25.95,46,4
